ID,line,fit,viatech,viano,pins,layno,sq,dens,dbl,netno,comp,category,ver,complexity,scope,type,duration,level
299437,jbr,bb,tht,2,8,2,4.75,8.313,sgl,3,3,FP,M00,Medium,NEW BRD,FF,40,4
295634,bis,sns,tht,4,20,2,0.21,0.148,dbl,4,6,RG,R2,Medium,MOD-MINOR,FF,73,5
50911,gq,bb,tht,4,26,2,2.04,1.098,sgl,12,2,FP,D0,Low,MOD-MINOR,FF,9,5
46382,gq,bb,tht,4,26,2,2.04,1.098,sgl,12,2,FP,E0,Medium,MOD-MINOR,FF,76,5
306078,ced,bb,tht,5,20,2,6.30,4.411,sgl,10,2,FP,B0,Low,NEW BRD,FF,43,5
234407,ced,db,tht,5,27,2,7.17,3.719,sgl,5,12,RG,B0,Low,MOD-MAJOR,FF,118,5
307871,sqa,bb,tht,6,12,2,0.17,0.196,sgl,6,2,RG,B0,Low,MOD-MINOR,FF,8,3
294312,sqa,bb,tht,6,12,2,0.17,0.196,sgl,6,2,RG,B0,Low,NEW BRD,FF,72,5
250788,hvy,bb,tht,6,12,2,0.88,1.031,dbl,6,7,RG,M0,Medium,NEW BRD,FF,69,3
229821,bis,sns,tht,12,20,2,0.36,0.254,sgl,4,6,FP,B1,Low,MOD-MINOR,FF,44,5
200182,bis,sns,tht,16,20,2,0.36,0.254,sgl,4,6,FP,B0,Low,NEW BRD,FF,50,5
250787,hvy,bb,tht,16,26,2,0.85,0.456,dbl,7,14,RG,M0,Medium,NEW BRD,FF,69,3
229826,ced,db,tht,18,88,3,42.16,6.707,sgl,25,2,FP,B0,High,NEW BRD,FF,124,3
295635,bis,sns,tht,22,28,2,0.47,0.233,dbl,7,7,RG,R2,Medium,MOD-MINOR,FF,58,5
250789,hvy,bb,tht,24,50,2,4.78,1.339,dbl,18,2,FP,M0,Low,NEW BRD,FF,72,5
46400,ele,bb,tht,24,8,2,8.32,1.42,sgl,102,2,FP,S1,Medium,MOD-MINOR,FF,21,4
250785,hvy,sns,tht,27,34,2,2.82,1.160,sgl,5,14,RG,M0,Medium,NEW BRD,FF,69,3
46401,ele,bb,tht,34,12,2,7.51,1.18,sgl,102,2,FP,S1,Medium,MOD-MINOR,FF,21,4
267239,sqa,sns,tht,35,22,2,1.73,1.102,sgl,5,8,FP,B0,Low,NEW BRD,FF,43,4
267240,sqa,sns,tht,46,22,2,1.55,0.984,sgl,5,8,FP,B0,Low,NEW BRD,FF,43,4
266439,sqa,sns,tht,48,22,2,1.56,0.991,sgl,5,8,FP,B0,Low,NEW BRD,FF,51,4
123578,vns,bb,tht,50,30,2,1.62,0.756,sgl,12,2,FP,B1,Low,MOD-MINOR,FF,71,5
260361,vns,sns,tht,50,30,2,1.63,0.759,sgl,12,2,FP,D0,Low,MOD-MINOR,FF,6,5
266436,vns,sns,tht,50,30,2,1.63,0.759,sgl,12,2,FP,S1,Low,MOD-MINOR,FF,12,5
200177,vns,bb,tht,50,30,2,1.63,0.759,sgl,12,2,FP,E0,Low,MOD-MINOR,FF,43,3
261261,tgr,bb,tht,52,14,2,2.17,2.16,sgl,3,3,FP,E0,Medium,MOD-MAJOR,FF,69,5
168121,ctr,bb,tht,52,14,2,2.17,2.167,sgl,3,3,FP,B1,Low,NEW BRD,FF,48,5
164284,hvy,sns,tht,56,50,2,4.96,1.389,sgl,6,20,RG,M0,Low,NEW BRD,FF,90,3
295664,ced,db,tht,58,78,4,11.1,1.992,dbl,16,20,RG,M00,Medium,NEW BRD,FF,64,4
244488,ced,bb,tht,59,50,2,8.53,2.39,sgl,20,2,FP,B0,Low,NEW BRD,FF,118,5
261258,tgr,sns,tht,61,16,2,1.33,1.16,sgl,5,5,FP,E0,Medium,NEW BRD,FF,100,5
182853,tgr,sns,tht,61,16,2,1.33,1.161,sgl,5,5,FP,R2,Low,MOD-MINOR,FF,37,5
306341,tgr,bb,tht,62,15,2,2.29,2.133,sgl,6,4,FP,E2,Low,MOD-MINOR,FF,19,5
168124,ctr,bb,tht,62,15,2,2.31,2.157,dbl,6,4,FP,B1,Low,NEW BRD,FF,48,5
261260,tgr,bb,tht,62,15,2,2.32,2.162,sgl,6,4,FP,E0,Medium,MOD-MINOR,FF,20,5
295663,ced,db,tht,63,54,2,1.69,0.439,dbl,8,24,RG,M00,Medium,NEW BRD,FF,57,5
50825,gq,bb,tht,64,53,2,10.66,2.816,dbl,16,6,FP,D0,Low,MOD-MINOR,FF,15,5
200174,bis,bb,tht,64,70,3,25.25,5.04,dbl,18,2,FP,B0,Low,NEW BRD,PLT,39,3
182852,tgr,sns,tht,65,16,2,1.33,1.159,sgl,5,5,FP,R2,Low,MOD-MINOR,FF,37,5
72058,vns,bb,tht,65,20,3,3.77,2.641,sgl,8,2,FP,B0,Medium,MOD-MAJOR,FF,67,5
48327,ele,sns,tht,74,31,2,2.85,1.286,sgl,5,13,RG,D0,Low,MOD-MINOR,FF,4,5
308388,ced,sns,tht,78,79,4,2.21,0.392,dbl,12,34,RG,B0,Low,MOD-MAJOR,FF,25,5
145276,ctr,db,tht,81,128,4,5.89,0.644,dbl,34,41,RG,B0,Medium,NEW BRD,FF,43,5
164529,bisp,sns,tht,88,109,2,7.25,0.931,dbl,22,48,RG,B0,Low,NEW BRD,FF,24,4
260359,vns,bb,tht,89,20,3,3.09,2.164,sgl,8,2,FP,D0,Low,MOD-MINOR,FF,8,5
266437,vns,bb,tht,89,20,3,3.09,2.164,sgl,8,2,FP,S1,Low,MOD-MINOR,FF,12,5
150094,vns,bb,tht,89,20,3,3.09,2.164,sgl,8,2,FP,R2,Medium,MOD-MAJOR,FF,33,5
200178,vns,bb,tht,89,20,3,3.09,2.164,sgl,8,2,FP,E0,Low,MOD-MINOR,FF,43,3
52947,gq,sns,tht,89,123,4,5.29,0.602,dbl,25,52,RG,D0,Low,MOD-MAJOR,FF,39,5
46403,lcy,sns,tht,92,54,2,2.19,0.569,dbl,11,22,RG,M00,Low,NEW BRD,FF,92,5
306340,tgr,bb,tht,93,80,2,5.14,0.899,sgl,34,2,FP,E2,Low,MOD-MINOR,FF,38,5
168120,ctr,bb,tht,93,80,2,5.14,0.899,sgl,34,2,FP,B1,Low,NEW BRD,FF,49,5
46405,lcy,db,tht,93,23,2,7.89,4.801,sgl,5,10,RG,M00,Medium,NEW BRD,FF,44,5
59580,lcy,sns,tht,95,35,2,2.92,1.17,dbl,6,15,RG,M00,Medium,NEW BRD,FF,29,5
182851,tgr,sns,tht,96,18,2,2.27,1.766,sgl,5,5,FP,R2,Low,MOD-MINOR,FF,80,5
261259,tgr,sns,tht,97,18,2,2.01,1.562,sgl,5,5,FP,E0,Medium,MOD-MINOR,FF,20,5
46402,lcy,sns,tht,100,59,2,3.04,0.720,dbl,10,25,RG,M00,Low,NEW BRD,FF,92,5
240401,hvy,bb,tht,101,104,2,6.12,0.824,sgl,25,23,FP,M0,Low,NEW BRD,FF,60,3
168125,tgr,sns,tht,102,18,2,2.49,1.938,sgl,5,5,FP,B1,Low,NEW BRD,FF,41,5
123579,vns,bb,tht,107,20,3,3.36,2.355,sgl,8,2,FP,B1,Low,MOD-MINOR,FF,86,5
168134,tgr,db,tht,107,138,4,4.21,0.427,sgl,29,40,RG,B1,Medium,MOD-MINOR,FF,36,5
138027,ctr,db,tht_astk,107,138,4,4.21,0.427,sgl,29,40,RG,B0,Medium,NEW BRD,FF,51,5
50893,arg,mlb,tht,108,30,2,7.79,3.63,sgl,4,12,RG,D0,Medium,MOD-MINOR,FF,26,4
234406,ced,sns,tht,109,79,2,2.55,0.452,dbl,12,34,RG,B0,Low,MOD-MAJOR,FF,128,5
308565,tsk,db,tht,110,40,2,2.79,0.975,sgl,11,15,RG,M0,Medium,NEW BRD,FF,31,3
50824,gq,bb,tht,112,83,3,3.87,0.653,dbl,24,2,FP,D0,Low,MOD-MINOR,FF,15,5
234408,ced,db,tht,114,72,2,3.07,0.596,dbl,10,30,RG,B0,Low,MOD-MAJOR,FF,118,5
147056,nq,bb,tht,116,32,2,5.66,2.478,sgl,8,9,FP,D1,Low,MOD-MINOR,FF,22,5
46397,lcy,bp,tht,124,56,2,10.99,2.748,sgl,8,13,RG,M00,Medium,NEW BRD,FF,71,4
307980,ced,sns,tht,125,89,4,2.99,0.471,dbl,12,40,RG,M00,Medium,NEW BRD,FF,59,5
283666,sqa,bb,tht,128,87,2,24.47,3.937,dbl,23,7,FP,B0,Low,NEW BRD,FF,21,4
46387,vns,sns,tht,135,101,2,14.71,2.039,dbl,25,49,RG,M00,Medium,NEW BRD,FF,103,4
234405,ced,sns,tht,137,89,2,3.32,0.522,dbl,12,40,RG,B0,Low,MOD-MAJOR,FF,122,5
168765,ctr,bb,tht,137,18,2,11.05,8.593,dbl,4,11,FP,B1,Low,NEW BRD,FF,36,5
48326,ele,sns,tht,138,23,2,7.99,4.862,sgl,5,10,RG,D0,Low,MOD-MINOR,FF,4,5
71772,udb,bb,tht,140,20,2,12.29,8.604,sgl,6,2,FP,M00,Low,NEW BRD,PLT,17,4
308567,tsk,db,tht,143,40,2,3.01,1.053,sgl,11,15,RG,M0,Medium,NEW BRD,FF,31,3
141840,sper,bb,tht,149,90,2,7.96,1.239,dbl,22,2,FP,D0,Low,MOD-MINOR,FF,4,5
112464,sper,bb,tht,149,90,2,7.96,1.239,dbl,22,2,FP,E0,Low,MOD-MINOR,FF,8,5
62349,sper,bb,tht,149,90,2,7.96,1.239,dbl,23,2,FP,R2,Low,MOD-MAJOR,FF,95,5
123575,vns,sns,tht,156,204,4,14.71,1.010,dbl,44,92,RG,B1,Low,MOD-MAJOR,FF,45,5
260362,vns,sns,tht,157,203,4,14.71,1.015,dbl,44,91,RG,D0,Medium,MOD-MINOR,FF,6,5
266433,vns,sns,tht,157,203,4,14.71,1.015,dbl,44,91,RG,S1,Low,MOD-MINOR,FF,12,5
72843,bsev,db,tht,161,153,2,5.09,0.466,dbl,17,47,RG,B0,Low,MOD-MINOR,FF,37,5
308569,tsk,db,tht,162,44,2,3.01,0.958,sgl,9,22,RG,M0,Medium,NEW BRD,FF,30,5
46407,lcy,bb,tht,165,66,2,9.05,1.919,dbl,20,2,FP,M00,Medium,NEW BRD,FF,8,4
168766,tgr,bb,tht,167,18,2,14.42,11.21,dbl,4,11,FP,B1,Low,MOD-MINOR,FF,36,5
117410,sper,bb,tht,168,90,3,7.96,1.239,dbl,22,2,FP,E0,Low,MOD-MINOR,FF,2,5
99773,sper,bb,tht,168,90,3,7.96,1.239,dbl,22,2,FP,E0,Low,NEW BRD,FF,7,5
46406,lcy,bb,tht,173,66,2,8.64,1.795,dbl,20,2,FP,M00,Medium,NEW BRD,FF,43,4
266434,vns,db,tht,174,126,2,20.73,2.304,dbl,30,55,RG,S1,Low,MOD-MINOR,FF,12,5
260117,vns,db,tht,174,126,2,20.73,2.304,dbl,30,55,RG,D0,Medium,MOD-MINOR,FF,12,5
241992,vns,db,tht,174,126,2,20.73,2.304,dbl,30,55,RG,E0,Medium,MOD-MAJOR,FF,120,5
150095,vns,db,tht,174,126,2,20.87,2.319,dbl,30,55,RG,R2,Medium,MOD-MINOR,FF,14,5
171269,udb,bb,tht,177,100,2,31.13,4.359,dbl,59,18,FP,B0,Low,MOD-MINOR,PLT,33,4
123574,vns,db,tht,178,126,2,20.87,2.319,dbl,30,55,RG,B1,Low,MOD-MINOR,FF,92,5
141393,npd,bb,tht,189,245,6,11.48,0.656,dbl,72,20,RG,B0,Low,NEW BRD,PLT,15,5
182987,src,bp,tht,190,1340,2,145.78,1.523,dbl,15,100,RG,R2,Low,NEW BRD,TSB,5,5
46586,ele,db,tht,195,137,2,5.09,0.520,dbl,17,47,RG,D0,Low,MOD-MINOR,FF,13,5
234409,ced,db,tht,195,137,2,5.09,0.520,dbl,17,47,RG,B0,Medium,NEW BRD,FF,119,5
308566,tsk,db,tht,197,65,2,4.92,1.06,sgl,15,26,RG,M0,Medium,NEW BRD,FF,31,3
68135,udb,bb,tht,198,102,2,40.66,5.581,dbl,59,18,FP,M00,Medium,NEW BRD,PLT,19,4
308564,tsk,db,tht,200,65,2,4.73,1.02,sgl,15,26,RG,M0,Medium,NEW BRD,FF,31,3
46388,vns,db,tht,202,125,2,20.87,2.337,dbl,30,54,RG,M00,Medium,NEW BRD,FF,128,5
49990,lep,db,tht,202,115,4,70.85,8.626,sgl,38,32,RG,B0,Low,NEW BRD,FF,20,5
266438,sqa,bb,tht,206,188,3,9.67,0.720,sgl,49,2,FP,B0,Low,NEW BRD,FF,51,3
171220,bis,bb,tht,207,59,2,11.16,2.64,dbl,17,8,FP,B0,Low,NEW BRD,FF,36,5
303776,sqa,bb,cor_stk,208,188,3,9.67,0.720,sgl,49,2,FP,DE,Low,NEW BRD,FF,43,4
303777,sqa,bb,cor_stk,208,188,4,9.67,0.720,sgl,49,2,FP,DE,Low,NEW BRD,FF,43,4
136029,krl,bp,tht,212,193,2,12.01,0.871,dbl,32,66,RG,B0,Low,NEW BRD,FF,54,5
229822,bis,sns,tht,214,108,3,6.45,0.8,dbl,29,25,FP,B1,Medium,NEW BRD,FF,45,4
241989,bis,bb,tht,214,108,3,6.45,0.837,dbl,29,25,FP,B1,Low,NEW BRD,FF,22,4
234423,bis,bb,tht,216,54,2,11.16,2.89,dbl,17,4,FP,B1,Low,MOD-MINOR,FF,77,5
234422,bis,bb,tht,219,59,2,11.16,2.64,dbl,17,8,FP,B1,Low,MOD-MINOR,FF,45,5
254338,tgr,bb,tht,228,56,2,16.91,4.228,sgl,17,2,FP,E0,Low,MOD-MINOR,FF,17,5
182855,tgr,bb,tht,231,56,3,16.99,4.24,sgl,17,2,FP,R2,Medium,MOD-MINOR,FF,32,5
68136,udb,db,tht,232,315,4,17.04,0.757,dbl,75,125,RG,M00,Medium,NEW BRD,PLT,49,4
48760,ele,db,tht,243,93,2,7.33,1.103,dbl,13,35,RG,D0,Low,MOD-MINOR,FF,6,5
46592,ele,bp,tht,243,93,2,7.33,1.103,dbl,13,35,RG,D0,Low,MOD-MINOR,FF,14,5
205943,vns,bp,tht,245,127,2,14.38,1.585,dbl,25,58,RG,E0,Medium,MOD-MINOR,FF,45,5
50056,ele,db,tht,248,103,2,7.33,0.996,dbl,13,40,RG,D0,Low,MOD-MINOR,FF,3,5
168133,ctr,bb,tht,250,56,3,11.83,2.958,dbl,18,2,FP,B1,Medium,MOD-MINOR,FF,56,5
170070,krl,db,tht,254,62,2,13.41,3.027,dbl,8,26,RG,B0,Low,MOD-MAJOR,FF,21,4
182859,tgr,bb,tht,264,18,2,14.58,11.34,dbl,4,11,FP,R2,Low,MOD-MINOR,FF,53,5
254436,tgr,bb,tht,264,18,2,14.58,11.342,dbl,4,11,FP,E0,Medium,MOD-MINOR,FF,26,5
79151,vnp,db,tht,265,334,4,44.28,1.856,sgl,51,86,RG,B1,Medium,MOD-MINOR,PLT,24,5
106992,nii,db,tht,269,72,2,7.33,1.425,dbl,14,31,RG,M00,Low,MOD-MINOR,FF,35,5
145255,udb,db,tht,269,259,4,13.87,0.75,dbl,92,70,RG,M00,Medium,NEW BRD,PLT,45,4
48776,udb,bb,tht,272,134,2,33.62,3.512,dbl,59,51,FP,B1,Medium,MOD-MINOR,PLT,46,4
48775,udb,bb,tht,272,135,2,44.14,4.577,dbl,59,51,FP,B1,Medium,MOD-MINOR,PLT,15,4
48504,sper,sns,tht,275,140,2,16.39,1.639,dbl,22,63,RG,B1,Low,MOD-MINOR,FF,19,4
243859,hvy,sns,tht,276,159,2,20.27,1.785,sgl,28,53,RG,M0,Medium,NEW BRD,FF,54,3
236688,vns,bp,tht,277,133,2,14.38,1.513,dbl,26,61,RG,E0,Medium,MOD-MINOR,FF,74,5
245187,krl,db,tht,279,95,2,11.47,1.69,dbl,15,41,RG,E0,Low,MOD-MINOR,FF,29,5
243857,vns,bp,tht,281,141,2,14.38,1.428,dbl,29,66,RG,E2,Medium,MOD-MAJOR,FF,30,5
347790,nii,mlb,tht,281,355,4,22.40,0.883,dbl,80,110,RG,M0,Medium,NEW BRD,FF,19,5
244487,ced,bb,tht,284,140,2,38.57,3.857,sgl,40,2,FP,B0,Low,NEW BRD,FF,113,5
46399,lep,db,tht,287,134,4,14.62,1.528,dbl,34,36,RG,B0,Medium,NEW BRD,PLT,49,4
48545,spep,db,tht,292,358,4,88.85,3.475,sgl,96,142,RG,B1,Medium,MOD-MINOR,PLT,19,5
243856,vns,bp,tht,301,131,2,14.38,1.536,dbl,27,60,RG,E2,Medium,MOD-MAJOR,FF,30,5
212685,npd,db,tht,304,450,4,50.88,1.583,dbl,117,198,RG,B1,Low,NEW BRD,PLT,27,5
131420,npd,sns,tht,307,194,4,52.92,3.819,dbl,52,60,RG,B0,Low,NEW BRD,PLT,41,5
209022,krl,db,tht,315,95,2,12.38,1.824,dbl,15,41,RG,R2,Low,MOD-MINOR,FF,28,5
133763,fnl,mlb,tht,321,112,2,14.38,1.797,dbl,24,48,RG,B1,Low,MOD-MINOR,FF,3,5
60264,fnl,mlb,tht,321,109,2,14.38,1.847,dbl,24,45,RG,B1,High,MOD-MAJOR,FF,108,5
236687,vns,bp,tht,322,119,2,14.38,1.691,dbl,25,53,RG,E0,Medium,MOD-MINOR,FF,23,5
147094,vns,bp,tht,323,115,2,14.38,1.75,dbl,24,51,RG,R2,Medium,MOD-MINOR,FF,64,5
308570,tsk,db,tht,326,97,2,6.40,0.923,sgl,20,41,RG,M0,Medium,NEW BRD,FF,30,5
172014,krl,db,tht,329,69,2,12.38,2.512,dbl,8,30,RG,B1,Low,MOD-MAJOR,FF,28,5
308568,tsk,db,tht,330,97,2,6.52,0.941,sgl,20,41,RG,M0,Medium,NEW BRD,FF,30,5
266846,bis,bb,tht,334,71,2,10.06,1.983,sgl,20,14,FP,R2,Low,MOD-MAJOR,FF,83,4
147092,vns,bb,tht,335,80,3,13.90,2.43,sgl,25,2,FP,R2,Medium,MOD-MINOR,FF,54,4
260360,vns,bb,tht,335,80,3,13.90,2.432,sgl,25,2,FP,D0,Low,MOD-MINOR,FF,8,5
266435,vns,bb,tht,335,80,3,13.90,2.432,sgl,25,2,FP,S1,Low,MOD-MINOR,FF,12,5
123577,vns,bb,tht,336,80,3,13.94,2.439,sgl,27,2,FP,B1,Low,MOD-MINOR,FF,76,5
138026,ctr,db,tht,343,174,4,12.9,1.038,dbl,35,39,RG,B0,Medium,NEW BRD,FF,51,5
261256,tgr,db,tht,343,166,4,12.90,1.088,dbl,32,35,RG,E0,Medium,MOD-MINOR,FF,20,5
308390,tgr,db,tht,345,146,4,12.90,1.237,sgl,32,31,RG,E2,Medium,MOD-MINOR,FF,28,4
101751,sper,sns,tht,349,119,2,16.78,1.984,dbl,20,53,RG,E0,Low,MOD-MINOR,FF,46,5
57837,sper,sns,tht,351,118,2,16.87,2,dbl,20,53,RG,R2,Low,MOD-MAJOR,FF,52,5
132634,sper,sns,tht,352,181,2,16.78,1.305,dbl,31,81,RG,E0,Low,MOD-MINOR,FF,10,5
145298,sper,db,tht,352,181,2,16.78,1.305,dbl,31,81,RG,D0,Medium,MOD-MAJOR,FF,40,5
302366,npd,db,tht,362,549,6,50.88,1.297,dbl,131,213,RG,B0,Low,NEW BRD,PLT,34,5
164285,hvy,sns,tht,371,244,2,37.69,2.163,sgl,48,90,RG,M0,Low,NEW BRD,FF,110,3
234416,tgr,db,tht,380,228,4,14.25,0.875,dbl,47,62,RG,R2,Medium,MOD-MINOR,FF,24,5
332320,dge,sns,tht,386,428,2,52.84,1.728,dbl,112,168,RG,M0,Medium,NEW BRD,TSB,49,5
182857,tgr,db,tht,387,188,4,14.25,1.061,dbl,37,42,RG,R2,Medium,MOD-MAJOR,FF,37,5
168135,tgr,db,tht,392,188,4,14.24,1.061,dbl,37,42,RG,B1,Medium,MOD-MINOR,FF,40,5
332321,dge,bp,tht,392,396,4,39.34,1.391,dbl,89,129,RG,M0,Medium,NEW BRD,TSB,47,5
264643,krl,db,tht,396,120,2,15.68,1.834,dbl,18,54,RG,E0,Low,MOD-MINOR,FF,38,5
348149,dge,bp,tht,401,439,4,39.34,1.255,dbl,97,148,RG,M0,Low,MOD-MINOR,TSB,2,5
168132,tgr,bb,tht,408,56,3,20.80,5.201,sgl,18,2,FP,B1,Medium,NEW BRD,FF,37,5
150037,cep,db,tht_astk,414,364,4,46.74,1.798,sgl,66,127,RG,B0,Medium,MOD-MAJOR,FF,77,5
72053,lcy,bb,tht,417,66,2,17.21,3.651,dbl,20,2,FP,M00,Low,NEW BRD,FF,14,5
267028,npd,db,tht,429,218,4,50.88,3.268,sgl,41,86,RG,B0,Low,NEW BRD,PLT,26,4
327089,are,bb,tht,432,90,2,16.81,2.61,dbl,22,2,FP,B0,Low,MOD-MINOR,FF,13,4
300286,krl,db,tht,436,120,2,15.68,1.830,dbl,18,54,RG,E2,Low,MOD-MINOR,FF,27,5
46392,nii,mlb,tht,440,461,4,84.26,2.559,dbl,112,177,RG,B1,Medium,NEW BRD,TSB,116,4
260284,bis,bb,tht,441,59,3,5.26,1.249,dbl,18,2,FP,R2,Low,MOD-MINOR,FF,117,5
342329,dge,sns,tht,445,466,2,52.84,1.588,dbl,122,184,RG,M0,Low,MOD-MINOR,TSB,14,5
332058,krl,db,tht,447,116,2,15.68,1.893,dbl,18,52,RG,D0,Low,MOD-MINOR,FF,20,5
150100,cep,sns,tht,448,466,4,50.88,1.529,dbl,135,208,RG,M00,Low,MOD-MINOR,FF,9,5
145277,src,db,tht,451,13,2,146.01,1.57,sgl,13,13,RG,DE,Low,NEW BRD,FF,6,5
131422,npd,sns,tht,474,491,4,50.88,1.451,dbl,138,214,RG,B0,Low,NEW BRD,PLT,51,5
323373,are,db,tht,476,261,4,45.11,2.42,dbl,42,91,RG,B0,Low,MOD-MINOR,PLT,52,4
83503,vnp,db,tht,506,411,4,88.85,3.027,sgl,110,172,RG,B1,Low,MOD-MINOR,PLT,28,5
261873,npd,bp,tht,508,832,4,73.08,1.230,dbl,201,356,RG,B0,Medium,MOD-MAJOR,PLT,80,5
308573,tsk,sns,tht,531,16,2,6.25,5.467,sgl,4,4,FP,M0,Medium,NEW BRD,FF,36,5
261262,tgr,bb,tht,536,80,2,16.92,2.96,sgl,32,2,FP,E0,Medium,MOD-MINOR,FF,20,5
308572,tsk,sns,tht,541,16,2,6.35,5.553,sgl,4,4,FP,M0,Medium,NEW BRD,FF,36,5
182854,tgr,bb,tht,552,140,2,57.92,5.792,sgl,40,2,FP,R2,Medium,MOD-MAJOR,FF,37,5
168131,ctr,bb,tht,562,140,2,34.39,3.439,dbl,31,2,FP,B1,Medium,MOD-MAJOR,FF,48,4
131423,npd,db,tht,564,434,6,52.93,1.707,dbl,116,140,RG,B0,Low,MOD-MINOR,PLT,58,5
131426,npd,bp,tht,568,913,4,73.08,1.121,dbl,211,395,RG,B0,Low,NEW BRD,PLT,44,5
260363,vns,db,tht,571,393,4,16.13,0.575,dbl,47,128,RG,D0,Medium,MOD-MINOR,FF,6,5
266432,vns,db,tht,571,393,4,16.13,0.575,dbl,47,128,RG,S1,Low,MOD-MINOR,FF,12,5
200179,vns,db,tht,571,393,4,16.13,0.575,dbl,47,128,RG,E0,Medium,MOD-MINOR,FF,43,5
147093,vns,db,tht,581,393,4,16.13,0.575,dbl,47,128,RG,R2,Medium,MOD-MINOR,FF,44,5
306339,tgr,bb,tht,581,140,2,57.92,5.792,sgl,40,2,FP,E2,Low,MOD-MINOR,FF,38,5
308571,tsk,sns,cor_stk,582,24,3,8.73,5.090,dbl,7,2,FP,M0,Medium,NEW BRD,FF,36,4
123576,vns,db,tht,583,423,4,16.13,0.534,dbl,51,143,RG,B1,High,MOD-MINOR,FF,97,5
46389,vns,db,tht,585,505,4,16.06,0.445,dbl,66,180,RG,M00,Medium,NEW BRD,FF,122,4
261257,tgr,bb,tht,585,140,2,57.92,5.792,sgl,40,2,FP,E0,Medium,MOD-MINOR,FF,20,5
348486,are,sns,tht,586,193,2,32.53,2.36,dbl,31,89,RG,B1,Medium,MOD-MINOR,FF,23,5
307912,are,sns,tht,586,193,2,32.53,2.36,dbl,31,89,RG,B0,Low,MOD-MINOR,FF,63,5
283586,npd,db,tht,588,106,4,73.08,9.652,sgl,17,18,RG,B0,Low,NEW BRD,PLT,11,4
46589,lep,db,tht,593,415,6,37.75,1.273,dbl,103,125,RG,B0,Medium,NEW BRD,PLT,45,5
261625,npd,db,tht,599,216,4,50.88,3.298,dbl,60,75,RG,B0,Low,MOD-MINOR,PLT,38,5
138028,tgr,bb,tht,631,94,3,26.28,3.914,dbl,28,3,FP,B0,Low,NEW BRD,FF,51,5
168129,tgr,bb,tht,646,140,2,58.07,5.807,sgl,38,2,FP,B1,Medium,NEW BRD,FF,127,5
131427,vnp,db,tht,725,415,4,45.22,1.526,sgl,65,108,RG,B1,Low,MOD-MINOR,PLT,36,5
171224,bis,bp,tht,727,211,2,23.06,1.53,dbl,49,74,FP,R2,Medium,NEW BRD,FF,121,4
205753,npd,db,tht_astk,765,1060,6,122.22,1.614,dbl,240,384,RG,B0,Medium,NEW BRD,PLT,38,5
46398,lep,sns,tht,767,643,6,121.48,2.645,dbl,132,242,RG,B0,High,NEW BRD,PLT,22,5
223124,krl,db,tht,777,299,4,72.23,3.382,dbl,69,92,RG,B1,Low,MOD-MINOR,TSB,5,5
59579,lcy,bb,tht,785,92,2,21.02,3.199,sgl,24,2,FP,M00,Low,NEW BRD,FF,84,5
261603,ced,db,cor-astk,796,130,4,3.36,0.362,dbl,22,30,RG,B0,Medium,NEW BRD,FF,71,5
57834,ih,sns,tht,810,263,2,19.98,1.064,sgl,39,88,RG,B0,Medium,NEW BRD,FF,94,5
131421,npd,db,tht,842,741,6,122.22,2.309,dbl,153,290,RG,B0,Low,MOD-MINOR,PLT,16,5
254339,tgr,db,cor_stk,859,126,4,4.22,0.469,sgl,209,36,RG,E0,Low,MOD-MINOR,FF,35,5
234415,tgr,db,cor_stk,875,158,4,4.22,0.374,sgl,28,48,RG,R2,Low,MOD-MINOR,PLT,17,5
182856,tgr,db,cor_stk,886,158,4,4.17,0.370,sgl,29,50,RG,R2,Medium,MOD-MINOR,FF,37,5
261726,abb,mlb,tht,895,594,2,58,1.33,sgl,109,273,RG,S1,Medium,MOD-MINOR,FF,56,3
46418,abb,db,tht,896,577,2,58.08,1.409,dbl,107,258,RG,D0,Medium,NEW BRD,FF,36,5
48503,sper,db,cor_stk,899,538,6,24.78,0.645,dbl,71,220,RG,B1,Low,NEW BRD,FF,19,4
48502,sper,db,cor_stk,908,529,6,24.78,0.656,dbl,71,212,RG,B1,Low,MOD-MINOR,FF,16,4
50830,bwp,db,tht,924,914,6,112.44,1.72,dbl,191,331,RG,B0,Medium,NEW BRD,PLT,73,5
79150,vnp,db,cor_stk,934,464,6,33.44,1.009,dbl,82,146,RG,B1,Medium,MOD-MINOR,PLT,21,5
261889,npd,db,tht_astk,947,943,6,122.22,1.814,dbl,184,337,RG,B0,Medium,NEW BRD,PLT,33,5
46408,lcy,bb,tht,957,86,2,18.54,3.018,dbl,26,2,FP,M00,Medium,NEW BRD,FF,43,5
145297,sper,db,cor_stk,978,368,6,23.76,0.904,dbl,44,142,RG,D0,Medium,MOD-MAJOR,FF,41,5
95711,sper,db,cor_stk,978,368,6,23.76,0.904,dbl,44,142,RG,E0,Low,MOD-MINOR,FF,69,5
50899,gq,db,cor-astk,982,303,6,4.99,0.230,dbl,39,86,RG,D0,Low,MOD-MINOR,FF,24,5
229820,bis,bp,tht,987,1409,6,63.11,0.62,dbl,212,466,RG,B1,High,MOD-MINOR,FF,56,5
267161,bis,bp,tht,987,1409,6,63.11,0.62,dbl,212,466,RG,R2,High,MOD-MINOR,FF,101,5
190540,src,db,tht,1008,32,2,145.78,10.777,dbl,17,9,RG,R2,Low,NEW BRD,TSB,4,5
207454,src,db,tht,1065,32,2,145.78,10.77,dbl,17,9,RG,DE,Low,NEW BRD,TSB,3,5
53961,nq,sns,tht,1123,174,2,48.96,3.939,dbl,25,74,RG,D0,Low,MOD-MINOR,FF,26,5
332345,dge,db,cor-astk,1124,367,4,27.4,1.045,dbl,87,139,RG,B0,Medium,NEW BRD,FF,58,5
145283,rtf,bb,tht,1158,129,3,55.12,5.98,sgl,31,3,FP,B0,Low,NEW BRD,FF,44,5
137994,ctr,bb,tht,1158,129,3,55.12,5.98,sgl,31,3,FP,B0,Low,NEW BRD,FF,70,5
133761,gq,db,cor-astk,1159,423,4,18.04,0.597,dbl,60,130,RG,D0,Low,MOD-MINOR,FF,32,5
267238,npd,db,tht,1159,91,3,31.69,4.875,dbl,33,2,FP,B0,Low,NEW BRD,PLT,30,3
57836,sper,db,cor_stk,1200,518,6,24.78,0.670,dbl,74,206,RG,R2,Medium,MOD-MAJOR,FF,52,5
302364,spkl,db,tht,1229,497,4,66.16,1.864,dbl,116,132,RG,B0,Low,MOD-MINOR,TSB,8,5
296649,spkl,db,tht,1231,481,4,66.16,1.926,dbl,116,116,RG,B0,Low,NEW BRD,TSB,21,5
333007,are,db,cor-astk,1298,334,6,33.94,1.42,dbl,63,128,RG,B0,Medium,MOD-MINOR,PLT,33,5
296622,bis,sns,cor-astk,1366,279,6,6.14,0.308,dbl,48,110,RG,R2,High,MOD-MAJOR,FF,63,5
229819,bis,sns,cor-astk,1368,278,6,5.46,0.275,dbl,48,109,RG,B1,High,MOD-MINOR,FF,36,5
46379,udb,bp,tht,1378,2007,4,101.49,0.708,dbl,394,646,RG,B1,Medium,NEW BRD,PLT,124,4
133970,udb,mlb,tht,1406,2021,4,101.48,0.703,dbl,396,652,RG,R2,Medium,MOD-MINOR,PLT,11,4
336642,nii,mlb,tht,1414,1693,6,85.08,0.704,dbl,248,440,RG,B0,Medium,MOD-MAJOR,FF,25,4
263852,sqa,db,cor_stk,1426,263,4,11.91,0.634,dbl,35,89,RG,B0,Medium,NEW BRD,FF,114,5
240414,udb,mlb,tht,1483,2112,4,115.46,0.765,dbl,409,687,RG,B3,Low,MOD-MINOR,PLT,16,5
57782,bwp,db,tht,1556,520,6,75.41,2.03,dbl,121,159,RG,B0,Low,NEW BRD,PLT,16,5
309750,ih,mlb,tht,1570,2148,4,115.46,0.753,dbl,415,701,RG,B4,Low,MOD-MINOR,TSB,15,5
123580,brl,mlb,tht,1707,1968,6,59.65,0.424,dbl,313,540,RG,B0,High,NEW BRD,FF,35,4
245069,brl,mlb,tht,1785,2024,6,59.65,0.413,dbl,324,580,RG,D1,Medium,MOD-MINOR,FF,4,4
262800,npd,db,cor-astk,1788,757,6,62.31,1.152,dbl,199,275,RG,B1,Low,NEW BRD,PLT,46,3
168764,brl,mlb,tht,1797,1978,6,59.65,0.422,dbl,314,558,RG,E0,Medium,MOD-MINOR,FF,8,4
242018,brl,mlb,tht,1800,2054,6,59.65,0.407,dbl,327,594,RG,E0,Medium,MOD-MAJOR,FF,113,4
261379,brl,mlb,tht,1801,2042,6,59.65,0.409,dbl,327,588,RG,D0,Medium,MOD-MINOR,FF,6,3
133965,brl,mlb,tht,1804,1960,6,59.65,0.426,dbl,315,549,RG,B1,Medium,MOD-MAJOR,FF,14,4
134185,brl,mlb,tht,1810,1956,6,59.65,0.427,dbl,313,549,RG,R2,Low,MOD-MINOR,FF,35,4
50833,ele,mlb,tht,1824,2820,6,85.77,0.426,dbl,386,738,RG,D0,Low,MOD-MINOR,FF,4,4
46587,ele,mlb,tht,1824,2814,6,85.77,0.427,dbl,386,735,RG,D0,Low,MOD-MINOR,FF,53,5
131314,brl,mlb,tht,1892,2241,8,99.7,0.623,dbl,389,601,RG,B0,High,NEW BRD,PLT,10,4
347764,mnd,db,tht,2016,2446,4,132.83,2.477,dbl,522,815,RG,B0,Medium,NEW BRD,TSB,39,5
133898,bisp,db,cor-astk,2377,621,6,43.95,0.991,dbl,106,256,RG,B0,High,NEW BRD,FF,114,5
143695,npd,bb,tht,2423,86,2,63.70,10.371,sgl,26,2,FP,B0,Low,NEW BRD,PLT,17,5
48506,lep,mlb,tht,2424,3402,8,124.79,1.337,dbl,593,996,RG,B0,Low,NEW BRD,PLT,100,4
283698,jbr,mlb,cor-astk,2594,669,6,19.15,0.401,dbl,110,260,RG,M00,High,NEW BRD,FF,60,4
46395,lcy,mlb,tht,2636,3298,6,121.08,0.514,dbl,434,1005,RG,M00,Medium,NEW BRD,FF,107,5
229825,ced,bp,cor-astk,3040,601,4,42.04,0.979,dbl,107,246,RG,B0,High,MOD-MAJOR,FF,116,5
131424,npio,mlb,tht,3607,2763,6,122.98,5.183,dbl,794,485,RG,B0,Medium,NEW BRD,PLT,88,5
175036,npio,mlb,tht,3637,2772,6,122.98,5.167,dbl,794,489,RG,B1,Medium,MOD-MAJOR,PLT,127,3
136028,krl,mlb,cor_stk,3742,1301,6,37.93,0.408,dbl,263,438,RG,B0,Medium,NEW BRD,FF,50,5
263853,sqa,db,cor_stk,3891,776,10,15.99,0.288,dbl,166,253,RG,B0,Medium,NEW BRD,FF,112,3
200185,krl,mlb,cor_stk,4250,1352,6,54.96,0.569,dbl,258,485,RG,R2,Medium,MOD-MINOR,FF,57,5
264644,krl,mlb,cor_stk,4330,1395,6,54.96,0.552,dbl,264,505,RG,E0,Medium,MOD-MINOR,FF,28,5
332057,krl,mlb,cor_stk,4372,1437,6,54.96,0.535,dbl,269,525,RG,D0,Low,MOD-MINOR,FF,87,5
133900,bisp,db,cor-astk,5628,1200,6,103.93,1.213,sgl,282,421,RG,B0,High,NEW BRD,FF,124,5
164726,krl,mlb,cor_stk,5663,1411,6,56.55,0.561,dbl,275,486,RG,B0,Medium,NEW BRD,FF,22,5
283663,npd,db,cor-astk,6193,1054,10,82.75,1.099,dbl,238,391,RG,B0,Medium,NEW BRD,PLT,32,4
48329,nq,sns,cor_stk,6761,480,6,41.35,1.206,dbl,61,159,RG,E0,Low,NEW BRD,FF,8,4
60263,nq,db,cor_stk,6761,480,6,41.35,1.206,dbl,61,159,RG,D0,Medium,MOD-MINOR,FF,20,5
48501,sper,mlb,cor_stk,7037,1913,6,44.30,0.324,dbl,255,524,RG,B1,Medium,MOD-MINOR,FF,18,5
348488,are,mlb,cor-astk,7175,1814,6,44.13,0.341,dbl,253,480,RG,B1,High,MOD-MINOR,FF,23,5
307911,are,mlb,cor-astk,7175,1814,6,44.13,0.341,dbl,253,480,RG,B0,High,MOD-MINOR,FF,112,5
57662,sper,mlb,cor_stk,7253,1901,6,44.13,0.325,dbl,248,523,RG,R2,Medium,MOD-MAJOR,FF,66,5
267231,mnd,db,cor_stk,7366,2067,6,145.47,1.188,dbl,414,645,RG,B0,Medium,MOD-MINOR,TSB,73,5
295806,npc,mlb,astk,7399,3549,6,140.29,1.027,sgl,886,895,RG,B0,Medium,NEW BRD,PLT,38,4
93748,sper,mlb,cor_stk,7515,1714,6,44.13,0.360,dbl,234,413,RG,E0,Medium,MOD-MAJOR,FF,36,5
146131,sper,mlb,cor_stk,7538,1724,6,44.13,0.358,dbl,234,417,RG,D0,Low,MOD-MINOR,FF,6,5
121788,sper,mlb,cor_stk,7538,1724,6,44.13,0.358,dbl,234,417,RG,E0,Low,MOD-MINOR,FF,13,5
50831,gq,mlb,cor-astk,7697,2400,6,89.81,0.524,dbl,387,716,RG,D0,Low,MOD-MINOR,FF,48,5
200181,npd,db,cor-astk,9841,1221,6,96.34,1.105,dbl,319,416,RG,B0,Medium,NEW BRD,PLT,64,5
260121,vns,mlb,cor_stk,10123,2680,8,42.83,0.224,dbl,357,801,RG,D0,High,MOD-MINOR,FF,12,5
244427,vns,mlb,cor_stk,10159,2680,8,42.83,0.224,dbl,357,801,RG,E0,High,MOD-MAJOR,FF,31,5
181733,vns,mlb,cor_stk,10172,2680,8,42.83,0.224,dbl,361,799,RG,B3,High,MOD-MAJOR,FF,15,5
124977,vns,mlb,cor_stk,10200,2645,8,42.83,0.227,dbl,353,773,RG,DE,High,MOD-MAJOR,FF,39,5
150097,vns,mlb,cor_stk,10220,2646,8,42.83,0.227,dbl,348,773,RG,R2,Low,MOD-MINOR,FF,44,5
121797,vns,mlb,cor_stk,10247,2624,8,42.83,0.229,dbl,348,765,RG,B1,High,MOD-MAJOR,FF,37,5
46378,vns,mlb,cor_stk,10262,2652,8,42.83,0.226,dbl,353,777,RG,M00,Medium,NEW BRD,FF,124,5
53960,nq,mlb,cor_stk,10589,2472,6,60.01,0.340,dbl,368,727,RG,D0,Low,MOD-MINOR,FF,31,5
234421,bis,mlb,cor-astk,10930,2642,6,62.15,0.329,dbl,542,920,RG,B1,High,MOD-MINOR,FF,52,5
241986,bis,mlb,cor-astk,10936,2636,6,62.15,0.33,dbl,541,917,RG,B0,High,MOD-MINOR,FF,15,5
266845,bis,mlb,cor-astk,11407,2744,6,62.13,0.317,dbl,552,970,RG,R2,High,MOD-MINOR,FF,78,5
262799,npd,db,tht_astk,12180,1059,12,96.34,1.274,dbl,302,361,RG,B0,Low,MOD-MINOR,PLT,60,5
112724,mst,mlb,cor_stk,13637,4587,8,138.51,0.423,dbl,744,1323,RG,D0,High,MOD-MINOR,FF,21,5
97601,bisp,mlb,cor-astk,14314,2973,8,145.9,4.219,dbl,691,961,RG,B0,Medium,NEW BRD,FF,124,5
131425,npc,mlb,cor-astk,14335,5740,8,140.29,0.635,dbl,1081,1126,RG,B0,High,NEW BRD,PLT,98,5
181768,vnp,mlb,cor_stk,17103,3548,6,140.56,2.528,dbl,670,1000,RG,B1,Medium,MOD-MINOR,PLT,14,4
303774,kik,mlb,cor-astk,17280,2264,6,59.65,0.369,dbl,335,597,RG,B0,Medium,NEW BRD,FF,35,3
323372,are,mlb,cor-astk,17616,3220,6,125.97,2.896,dbl,614,887,RG,B0,Medium,MOD-MINOR,PLT,58,4
175035,brz,mlb,cor-astk,18113,3073,6,121.66,0.554,dbl,468,1032,RG,B0,High,NEW BRD,FF,99,5
264631,brz,mlb,cor-astk,19627,3086,6,123.14,0.559,dbl,465,1035,RG,B1,Medium,MOD-MINOR,FF,125,5
182863,npc,mlb,cor-astk,19782,6124,8,140.29,0.595,dbl,1198,1176,RG,B0,High,NEW BRD,PLT,108,3
181723,npd,bp,cor-astk,19782,6124,8,140.29,0.595,dbl,1198,1176,RG,M00,Medium,NEW BRD,PLT,127,5
101984,src,mlb,cor_stk,25199,3443,6,146.01,0.59,dbl,561,1147,RG,B0,High,NEW BRD,FF,89,5
135914,src,mlb,cor_stk,25613,3589,6,145.77,0.569,dbl,589,1207,RG,B0,High,MOD-MAJOR,FF,75,5
207455,src,mlb,cor_stk,27537,3672,6,145.77,0.556,dbl,600,1238,RG,DE,Low,MOD-MINOR,PLT,62,5
153456,src,mlb,cor_stk,28095,3648,6,145.78,0.559,dbl,595,1230,RG,B1,Medium,MOD-MAJOR,FF,26,5
182866,src,mlb,cor_stk,28470,3672,6,145.77,0.556,dbl,599,1239,RG,R2,Low,MOD-MINOR,FF,46,5
153486,src,mlb,cor_stk,28660,3716,6,145.78,0.549,dbl,619,1261,RG,B1,Medium,MOD-MINOR,FF,50,5
153485,src,mlb,cor_stk,28769,3644,6,145.78,0.560,dbl,595,1230,RG,B1,Low,MOD-MINOR,FF,31,5
234420,src,mlb,cor_stk,28846,3751,6,145.77,0.544,dbl,604,1274,RG,R2,Medium,MOD-MAJOR,FF,44,5
241991,src,mlb,cor_stk,30305,3769,6,145.77,0.541,dbl,604,1283,RG,E0,Medium,MOD-MINOR,FF,26,5
255570,src,mlb,cor_stk,30455,3783,6,145.77,0.539,dbl,604,1290,RG,E0,Low,MOD-MINOR,FF,12,5
264628,src,mlb,cor_stk,30563,3777,6,145.77,0.540,dbl,601,1293,RG,D0,Low,MOD-MINOR,FF,24,5
242530,hvy,mlb,cor-astk,31711,6538,10,145.04,0.375,dbl,1140,1856,RG,M0,High,NEW BRD,FF,113,5
263851,sqa,mlb,cor_stk,35206,9139,10,133.77,0.511,dbl,1508,2296,RG,B0,High,NEW BRD,FF,75,4
296820,sqa,mlb,cor_stk,41329,10274,12,118.39,0.652,dbl,1833,2734,RG,B0,Medium,MOD-MAJOR,PLT,29,4
254360,npc,mlb,astk,60403,5993,12,145.11,0.619,dbl,1040,1097,RG,M00,High,NEW BRD,PLT,86,5
182858,tgr,mlb,astk,62689,5792,12,80.87,0.195,dbl,813,1403,RG,R2,High,MOD-MAJOR,FF,44,5
168136,tgr,mlb,astk,63178,5792,12,80.87,0.195,dbl,813,1403,RG,B1,High,MOD-MAJOR,FF,71,5
121798,rtf,mlb,cor-astk,64483,5358,12,103.31,0.270,dbl,741,1227,RG,B1,High,NEW BRD,FF,78,5
229824,ced,mlb,astk,85589,5574,12,71.57,0.180,dbl,728,1454,RG,B0,High,NEW BRD,FF,119,5
240413,tgr,mlb,astk,90198,5943,12,80.28,0.189,dbl,814,1541,RG,E0,Medium,MOD-MAJOR,FF,68,5
133764,ctr,mlb,astk,90945,5764,12,80.28,0.195,dbl,781,1455,RG,B0,High,NEW BRD,FF,86,5
266783,tgr,mlb,astk,97232,5709,12,80.28,0.197,dbl,817,1401,RG,E0,High,MOD-MAJOR,FF,75,5
295796,tsk,mlb,astk,102838,9484,12,142.77,0.211,dbl,1346,2173,RG,M0,High,NEW BRD,FF,85,5
306338,tgr,mlb,astk,103219,5711,12,80.01,0.196,dbl,812,1402,RG,E2,High,MOD-MINOR,FF,48,5
328206,tgr,mlb,astk,103329,5718,12,80.01,0.196,dbl,810,1405,RG,D0,High,MOD-MAJOR,FF,63,5
309758,tgr,mlb,cor-astk,107793,6962,12,136.83,0.617,dbl,1252,1857,RG,E2,High,MOD-MAJOR,FF,29,5